Producto,Fecha de Venta,Cantidad Vendida,Costo Producto,Precio Venta,Ganancia
Producto D,2023-12-04,35,39.95,51.74,412.65
Producto A,2023-04-08,25,42.94,62.32,484.5
Producto B,2023-09-09,26,45.65,55.55,257.4
Producto A,2023-06-07,22,21.08,24.78,81.4
Producto D,2023-09-25,52,14.91,20.59,295.36
Producto E,2023-10-03,65,45.71,67.34,1405.95
Producto C,2023-10-11,98,15.74,22.42,654.64
Producto A,2023-02-01,97,27.11,33.62,631.47
Producto B,2023-04-14,85,35.11,43.36,701.25
Producto A,2023-11-17,31,24.49,30.63,190.34
Producto C,2023-07-11,100,24.09,29.03,494.0
Producto B,2023-06-04,58,44.67,51.4,390.34
Producto D,2023-01-19,69,33.18,43.94,742.44
Producto B,2023-03-09,75,34.61,46.7,906.75
Producto D,2023-02-12,31,36.24,40.36,127.72
Producto B,2023-11-20,56,20.08,29.43,523.6
Producto C,2023-06-15,3,36.49,46.78,30.87
Producto D,2023-06-14,42,45.34,65.57,849.66
Producto A,2023-12-23,84,44.84,60.1,1281.84
Producto E,2023-10-22,86,5.89,6.81,79.12
Producto D,2023-11-02,29,11.14,12.47,38.57
Producto B,2023-12-07,31,16.23,19.39,97.96
Producto C,2023-05-22,50,22.47,26.28,190.5
Producto D,2023-07-26,97,9.71,12.84,303.61
Producto D,2023-09-07,57,33.42,38.92,313.5
Producto E,2023-05-11,73,11.16,13.0,134.32
Producto E,2023-09-18,79,44.84,60.42,1230.82
Producto B,2023-04-04,94,37.32,50.42,1231.4
Producto D,2023-11-06,22,45.97,61.82,348.7
Producto C,2023-05-16,23,36.78,42.36,128.34
Producto D,2023-02-01,25,32.99,36.62,90.75
Producto D,2023-09-19,83,27.01,39.26,1016.75
Producto E,2023-05-12,1,17.99,24.58,6.59
Producto D,2023-05-02,87,16.35,18.56,192.27
Producto E,2023-05-10,73,10.45,13.31,208.78
Producto E,2023-03-19,40,49.8,57.02,288.8
Producto A,2023-06-24,99,31.97,36.32,430.65
Producto A,2023-07-24,98,32.15,47.43,1497.44
Producto B,2023-08-07,92,39.59,50.63,1015.68
Producto A,2023-06-08,83,26.22,32.71,538.67
Producto C,2023-03-11,8,31.59,39.22,61.04
Producto C,2023-12-11,82,28.6,32.63,330.46
Producto B,2023-03-02,25,9.22,10.87,41.25
Producto D,2023-11-11,55,7.87,9.33,80.3
Producto A,2023-12-08,79,36.66,51.33,1158.93
Producto D,2023-11-23,89,38.48,42.64,370.24
Producto C,2023-12-14,2,17.59,20.38,5.58
Producto B,2023-04-23,100,35.0,42.17,717.0
Producto D,2023-01-15,32,13.31,18.44,164.16
Producto D,2023-02-15,82,12.97,15.49,206.64
Producto B,2023-06-19,30,21.65,27.32,170.1
Producto B,2023-05-04,80,17.8,19.76,156.8
Producto C,2023-04-05,64,13.36,18.71,342.4
Producto D,2023-05-12,93,15.91,22.83,643.56
Producto C,2023-11-06,75,26.31,29.66,251.25
Producto A,2023-05-13,73,12.9,16.64,273.02
Producto B,2023-01-05,57,27.05,39.52,710.79
Producto B,2023-12-25,22,48.17,62.05,305.36
Producto D,2023-11-26,8,9.67,14.26,36.72
Producto B,2023-08-13,17,7.51,10.5,50.83
Producto D,2023-04-24,40,26.89,39.04,486.0
Producto C,2023-10-24,49,13.36,19.84,317.52
Producto A,2023-01-28,33,18.77,21.13,77.88
Producto C,2023-01-10,91,26.01,28.82,255.71
Producto C,2023-01-11,17,11.66,15.3,61.88
Producto D,2023-09-01,64,37.97,43.65,363.52
Producto B,2023-01-04,59,6.54,9.66,184.08
Producto B,2023-11-18,1,26.51,32.71,6.2
Producto E,2023-03-03,22,17.42,21.23,83.82
Producto A,2023-05-25,61,46.22,54.33,494.71
Producto D,2023-10-24,70,19.1,24.72,393.4
Producto C,2023-03-25,53,19.77,23.07,174.9
Producto C,2023-05-28,97,33.14,41.83,842.93
Producto D,2023-02-17,35,16.59,22.29,199.5
Producto C,2023-03-14,72,18.19,24.33,442.08
Producto D,2023-09-17,77,48.23,68.18,1536.15
Producto E,2023-10-03,18,27.16,32.27,91.98
Producto E,2023-06-14,18,20.45,27.11,119.88
Producto D,2023-10-03,1,30.55,36.89,6.34
Producto B,2023-12-16,53,42.13,52.34,541.13
Producto D,2023-12-01,98,32.26,46.23,1369.06
Producto A,2023-05-12,19,5.36,7.19,34.77
Producto D,2023-11-18,25,49.36,58.67,232.75
Producto E,2023-09-27,99,28.26,37.96,960.3
Producto D,2023-01-11,89,14.66,18.17,312.39
Producto B,2023-11-19,98,23.82,34.69,1065.26
Producto B,2023-12-09,45,11.54,13.37,82.35
Producto B,2023-12-23,17,33.65,42.67,153.34
Producto E,2023-09-20,85,17.71,19.99,193.8
Producto E,2023-04-18,13,38.02,55.12,222.3
Producto C,2023-04-24,70,14.5,18.99,314.3
Producto E,2023-08-19,64,40.19,57.5,1107.84
Producto B,2023-05-07,22,43.13,57.07,306.68
Producto C,2023-12-22,8,44.25,64.55,162.4
Producto C,2023-02-12,35,16.18,20.11,137.55
Producto C,2023-07-10,85,27.05,37.27,868.7
Producto C,2023-05-03,32,48.51,65.74,551.36
Producto E,2023-10-04,72,11.6,13.4,129.6
Producto C,2023-10-18,61,48.97,57.13,497.76
Producto C,2023-08-25,72,17.03,24.51,538.56
Producto B,2023-08-17,52,44.66,52.92,429.52
Producto B,2023-01-03,77,17.2,24.78,583.66
Producto E,2023-03-14,63,29.37,34.99,354.06
Producto D,2023-03-01,100,24.19,35.62,1143.0
Producto E,2023-12-16,56,15.83,21.41,312.48
Producto E,2023-02-22,31,9.79,13.11,102.92
Producto C,2023-02-18,3,25.65,28.43,8.34
Producto E,2023-08-27,44,15.79,21.44,248.6
Producto E,2023-02-13,5,37.08,50.4,66.6
Producto D,2023-11-28,58,16.16,21.54,312.04
Producto E,2023-01-26,28,6.43,8.01,44.24
Producto D,2023-09-11,51,27.57,41.28,699.21
Producto E,2023-01-07,69,20.34,29.3,618.24
Producto E,2023-10-21,77,22.37,28.38,462.77
Producto A,2023-09-23,20,45.04,55.61,211.4
Producto A,2023-02-22,67,25.01,37.41,830.8
Producto A,2023-02-07,1,44.47,66.44,21.97
Producto D,2023-08-16,42,38.08,53.43,644.7
Producto D,2023-07-14,28,24.82,31.67,191.8
Producto D,2023-03-10,47,46.82,53.78,327.12
Producto D,2023-07-20,87,19.64,24.29,404.55
Producto A,2023-10-09,50,23.52,32.87,467.5
Producto C,2023-01-02,97,46.81,61.99,1472.46
Producto A,2023-08-15,88,28.15,31.89,329.12
Producto D,2023-06-03,70,41.15,52.52,795.9
Producto A,2023-03-14,4,38.27,56.84,74.28
Producto B,2023-04-07,84,35.52,50.04,1219.68
Producto B,2023-03-18,52,43.11,60.3,893.88
Producto A,2023-08-16,24,43.88,62.7,451.68
Producto D,2023-10-04,42,18.79,25.6,286.02
Producto B,2023-01-09,42,12.95,16.86,164.22
Producto B,2023-12-27,5,15.28,18.1,14.1
Producto A,2023-07-07,76,34.65,44.07,715.92
Producto A,2023-02-24,36,21.74,24.35,93.96
Producto D,2023-11-24,38,48.06,54.41,241.3
Producto E,2023-04-13,2,35.95,46.33,20.76
Producto E,2023-07-21,57,33.37,43.28,564.87
Producto D,2023-06-25,57,25.56,35.76,581.4
Producto D,2023-11-05,16,16.48,20.4,62.72
Producto A,2023-12-02,98,10.2,14.8,450.8
Producto B,2023-08-04,37,20.71,27.48,250.49
Producto E,2023-02-01,74,8.2,9.33,83.62
Producto E,2023-04-16,10,7.33,8.83,15.0
Producto E,2023-07-14,100,37.34,48.87,1153.0
Producto D,2023-06-26,82,17.89,23.89,492.0
Producto D,2023-04-26,27,29.42,35.42,162.0
Producto A,2023-05-27,99,10.16,14.54,433.62
Producto C,2023-11-04,69,11.61,15.81,289.8
Producto B,2023-07-07,38,16.62,23.48,260.68
Producto E,2023-07-06,7,42.29,58.33,112.28
Producto D,2023-11-27,17,5.3,6.84,26.18
Producto B,2023-06-19,41,43.97,58.15,581.38
Producto E,2023-07-14,8,42.57,61.62,152.4
Producto C,2023-06-05,12,45.89,67.86,263.64
Producto E,2023-11-23,73,49.84,65.82,1166.54
Producto A,2023-10-24,6,34.61,44.81,61.2
Producto E,2023-01-15,68,11.96,14.51,173.4
Producto A,2023-04-26,20,29.47,37.96,169.8
Producto B,2023-04-12,25,7.55,8.39,21.0
Producto C,2023-09-24,62,37.54,54.65,1060.82
Producto A,2023-11-09,87,24.38,34.26,859.56
Producto A,2023-12-05,54,33.73,45.46,633.42
Producto D,2023-05-25,88,29.29,35.22,521.84
Producto C,2023-04-01,33,46.58,67.99,706.53
Producto B,2023-03-18,65,22.31,24.72,156.65
Producto E,2023-05-26,50,37.15,50.35,660.0
Producto E,2023-10-26,9,40.25,54.81,131.04
Producto C,2023-03-16,84,36.04,51.16,1270.08
Producto D,2023-12-13,17,12.66,17.63,84.49
Producto A,2023-01-02,93,26.6,39.64,1212.72
Producto D,2023-09-18,37,42.16,58.25,595.33
Producto E,2023-05-20,79,18.5,27.13,681.77
Producto E,2023-06-14,6,32.21,41.51,55.8
Producto B,2023-09-25,16,25.54,36.6,176.96
Producto A,2023-12-13,27,38.15,42.71,123.12
Producto E,2023-02-14,59,21.56,31.02,558.14
Producto A,2023-02-08,72,42.53,58.23,1130.4
Producto B,2023-02-16,30,32.5,36.96,133.8
Producto B,2023-05-23,18,21.4,23.96,46.08
Producto D,2023-07-27,24,30.01,42.85,308.16
Producto C,2023-11-16,54,19.9,26.4,351.0
Producto A,2023-01-14,40,15.31,20.42,204.4
Producto E,2023-05-16,83,8.77,10.66,156.87
Producto B,2023-10-18,96,25.35,31.74,613.44
Producto A,2023-07-03,79,19.55,23.66,324.69
Producto A,2023-09-22,8,7.28,8.64,10.88
Producto A,2023-06-17,22,17.38,23.11,126.06
Producto A,2023-03-08,11,13.63,17.61,43.78
Producto D,2023-11-25,40,26.6,39.48,515.2
Producto C,2023-09-26,33,9.47,10.85,45.54
Producto B,2023-01-25,85,30.49,33.72,274.55
Producto D,2023-03-26,74,11.48,13.17,125.06
Producto E,2023-09-08,82,39.55,57.98,1511.26
Producto D,2023-04-13,18,27.55,39.55,216.0
Producto D,2023-11-26,87,12.96,14.51,134.85
Producto D,2023-09-14,36,37.45,43.32,211.32
Producto A,2023-06-04,84,45.32,53.18,660.24
Producto D,2023-05-19,9,19.31,27.66,75.15
Producto E,2023-01-13,57,30.08,35.12,287.28
Producto B,2023-01-04,53,11.12,16.62,291.5
Producto B,2023-10-07,91,42.38,46.83,404.95
Producto C,2023-06-04,86,12.6,15.73,269.18
Producto D,2023-09-03,43,20.65,27.05,275.2
Producto E,2023-03-07,68,43.59,61.68,1230.12
Producto A,2023-03-21,94,32.17,45.23,1227.64
Producto A,2023-12-22,9,13.32,18.29,44.73
Producto A,2023-09-23,29,35.03,52.05,493.58
Producto D,2023-05-01,98,43.83,59.95,1579.76
Producto C,2023-12-18,67,25.69,38.11,832.14
Producto E,2023-06-07,4,7.53,10.54,12.04
Producto E,2023-07-04,99,43.01,58.39,1522.62
Producto C,2023-09-04,33,38.97,48.88,327.03
Producto C,2023-12-20,91,5.18,6.53,122.85
Producto A,2023-10-20,83,11.38,14.94,295.48
Producto D,2023-10-02,48,20.26,26.28,288.96
Producto B,2023-08-26,7,44.97,61.28,114.17
Producto B,2023-09-04,94,45.79,66.96,1989.98
Producto E,2023-12-22,34,14.52,18.63,139.74
Producto C,2023-07-23,21,31.72,44.61,270.69
Producto D,2023-03-16,64,12.65,18.91,400.64
Producto B,2023-07-13,19,33.12,49.18,305.14
Producto E,2023-09-27,7,30.87,46.22,107.45
Producto A,2023-05-25,86,32.58,47.93,1320.1
Producto C,2023-06-23,12,7.77,10.96,38.28
Producto D,2023-01-11,19,19.12,27.46,158.46
Producto C,2023-05-28,72,11.5,15.65,298.8
Producto E,2023-08-25,33,48.85,57.81,295.68
Producto A,2023-02-02,65,39.42,52.53,852.15
Producto D,2023-08-21,7,28.45,36.84,58.73
Producto D,2023-05-03,3,49.55,59.96,31.23
Producto C,2023-11-08,38,27.45,36.42,340.86
Producto A,2023-07-21,28,27.79,35.07,203.84
Producto E,2023-02-07,30,33.15,47.78,438.9
Producto A,2023-04-08,32,36.97,46.82,315.2
Producto D,2023-12-15,16,48.4,67.42,304.32
Producto A,2023-10-27,27,27.09,37.27,274.86
Producto E,2023-06-21,49,39.74,49.92,498.82
Producto E,2023-02-20,30,16.86,21.19,129.9
Producto D,2023-09-21,82,24.51,28.56,332.1
Producto D,2023-01-14,56,45.72,58.21,699.44
Producto B,2023-06-21,45,31.85,41.3,425.25
Producto C,2023-09-10,22,36.78,48.99,268.62
Producto A,2023-12-21,14,18.13,20.43,32.2
Producto E,2023-06-17,91,19.45,27.34,717.99
Producto A,2023-09-09,65,18.42,23.59,336.05
Producto A,2023-10-18,2,23.25,26.27,6.04
Producto D,2023-10-21,51,36.92,46.24,475.32
Producto B,2023-09-07,81,14.77,20.98,503.01
Producto A,2023-08-08,97,17.33,25.55,797.34
Producto D,2023-12-24,66,16.23,18.66,160.38
Producto D,2023-10-10,73,7.85,9.79,141.62
Producto D,2023-08-27,91,44.61,57.29,1153.88
Producto E,2023-08-20,19,40.28,49.6,177.08
Producto E,2023-12-22,59,17.54,21.04,206.5
Producto D,2023-10-25,57,19.68,24.02,247.38
Producto B,2023-09-12,95,36.54,51.57,1427.85
Producto E,2023-10-18,41,20.83,30.04,377.61
Producto A,2023-08-13,63,44.26,60.81,1042.65
Producto A,2023-03-11,26,10.83,13.38,66.3
Producto B,2023-02-25,23,30.33,41.07,247.02
Producto D,2023-01-01,80,44.88,62.67,1423.2
Producto E,2023-11-20,81,34.67,43.19,690.12
Producto E,2023-10-15,100,28.52,40.15,1163.0
Producto E,2023-12-12,45,39.66,56.15,742.05
Producto B,2023-01-09,81,36.42,50.99,1180.17
Producto C,2023-03-19,61,35.12,43.48,509.96
Producto E,2023-02-09,82,12.2,17.02,395.24
Producto A,2023-12-08,75,9.83,13.32,261.75
Producto E,2023-02-10,2,15.67,20.6,9.86
Producto C,2023-04-19,50,9.05,11.17,106.0
Producto D,2023-06-23,72,31.6,44.9,957.6
Producto E,2023-03-04,40,9.75,12.27,100.8
Producto B,2023-10-01,7,45.6,67.1,150.5
Producto A,2023-01-22,73,38.35,49.83,838.04
Producto E,2023-01-14,11,18.32,25.51,79.09
Producto E,2023-02-11,78,33.16,49.65,1286.22
Producto A,2023-11-22,17,15.76,19.63,65.79
Producto C,2023-11-24,78,24.5,30.02,430.56
Producto D,2023-07-12,89,8.71,11.58,255.43
Producto D,2023-04-03,33,20.35,22.42,68.31
Producto D,2023-10-27,98,43.51,50.71,705.6
Producto C,2023-08-06,45,18.32,21.01,121.05
Producto D,2023-02-15,9,12.83,18.44,50.49
Producto D,2023-07-23,3,44.98,53.43,25.35
Producto A,2023-12-19,73,19.23,25.44,453.33
Producto D,2023-07-02,27,7.28,8.53,33.75
Producto C,2023-09-11,67,22.46,26.52,272.02
Producto A,2023-04-10,45,32.41,37.38,223.65
Producto B,2023-10-02,67,48.23,71.5,1559.09
Producto D,2023-02-13,98,37.69,42.83,503.72
Producto B,2023-10-22,79,19.11,26.28,566.43
Producto C,2023-03-18,72,40.14,44.24,295.2
Producto B,2023-03-21,88,42.92,49.64,591.36
Producto D,2023-02-02,59,48.25,64.61,965.24
Producto A,2023-05-05,2,17.48,23.97,12.98
Producto D,2023-09-15,59,40.1,55.81,926.89
Producto D,2023-11-26,98,11.59,15.4,373.38
Producto D,2023-12-19,28,23.61,34.37,301.28
Producto A,2023-11-05,89,32.87,40.38,668.39
Producto A,2023-02-06,9,23.98,29.41,48.87
Producto E,2023-03-04,15,27.34,30.52,47.7
Producto D,2023-07-17,22,22.16,31.38,202.84
Producto C,2023-02-28,8,45.28,64.16,151.04
Producto A,2023-09-14,34,41.03,53.89,437.24
Producto C,2023-08-14,39,33.82,45.73,464.49
Producto D,2023-02-03,2,20.48,27.25,13.54
Producto E,2023-06-16,30,32.4,38.78,191.4
Producto C,2023-03-21,74,7.12,8.44,97.68
Producto B,2023-12-11,93,42.28,57.56,1421.04
Producto B,2023-02-26,76,33.02,49.21,1230.44
Producto C,2023-10-11,100,10.28,11.95,167.0
Producto B,2023-05-24,74,16.24,24.04,577.2
Producto C,2023-11-26,24,20.99,24.15,75.84
Producto D,2023-01-04,61,10.38,14.1,226.92
Producto A,2023-08-27,41,31.42,39.67,338.25
Producto B,2023-12-04,81,36.09,40.6,365.31
Producto A,2023-03-17,36,15.5,19.64,149.04
Producto C,2023-03-03,53,14.33,18.91,242.74
Producto C,2023-09-24,10,41.65,49.29,76.4
Producto E,2023-10-13,100,37.3,42.27,497.0
Producto B,2023-06-10,16,27.88,37.23,149.6
Producto C,2023-02-18,68,28.81,40.97,826.88
Producto A,2023-05-10,30,6.12,8.64,75.6
Producto A,2023-04-17,97,47.1,69.6,2182.5
Producto C,2023-04-12,98,40.94,49.64,852.6
Producto E,2023-07-11,6,39.62,54.66,90.24
Producto C,2023-05-24,2,24.36,26.83,4.94
Producto D,2023-12-21,17,23.98,27.02,51.68
Producto C,2023-03-04,87,18.99,27.37,729.06
Producto A,2023-12-22,94,38.97,50.03,1039.64
Producto D,2023-09-20,2,31.43,37.59,12.32
Producto E,2023-07-11,79,38.62,42.97,343.65
Producto E,2023-11-25,99,17.32,23.43,604.89
Producto D,2023-08-18,58,18.0,26.38,486.04
Producto D,2023-11-09,83,37.28,52.73,1282.35
Producto A,2023-12-23,51,11.87,17.71,297.84
Producto A,2023-03-19,100,49.39,61.08,1169.0
Producto A,2023-05-22,63,44.07,52.9,556.29
Producto E,2023-03-04,28,24.32,34.17,275.8
Producto E,2023-10-23,72,20.58,28.94,601.92
Producto B,2023-02-19,95,40.24,57.28,1618.8
Producto A,2023-07-11,28,41.85,51.79,278.32
Producto E,2023-10-03,97,14.72,19.51,464.63
Producto D,2023-06-04,86,26.12,35.7,823.88
Producto D,2023-10-05,74,23.66,30.25,487.66
Producto B,2023-04-15,33,42.01,57.37,506.88
Producto B,2023-02-18,7,8.79,10.44,11.55
Producto D,2023-08-08,64,36.79,51.06,913.28
Producto C,2023-05-16,71,38.65,45.02,452.27
Producto E,2023-02-26,75,35.59,47.23,873.0
Producto A,2023-05-01,91,24.79,29.1,392.21
Producto B,2023-06-19,61,12.69,18.2,336.11
Producto A,2023-11-04,71,20.56,26.36,411.8
Producto B,2023-07-24,66,21.24,30.0,578.16
Producto B,2023-03-27,40,44.46,58.9,577.6
Producto A,2023-08-02,93,45.7,68.25,2097.15
Producto B,2023-03-28,77,21.04,30.1,697.62
Producto A,2023-08-11,88,20.5,23.99,307.12
Producto A,2023-10-19,66,17.11,21.7,302.94
Producto D,2023-05-19,6,14.2,17.85,21.9
Producto D,2023-07-17,22,41.91,62.61,455.4
Producto B,2023-12-28,9,27.3,37.52,91.98
Producto E,2023-03-19,30,9.03,10.05,30.6
Producto C,2023-02-08,13,39.25,52.98,178.49
Producto A,2023-10-13,23,9.06,12.98,90.16
Producto E,2023-01-11,64,22.25,32.52,657.28
Producto A,2023-06-03,62,28.99,32.46,215.14
Producto C,2023-01-27,66,46.43,66.22,1306.14
Producto E,2023-12-25,84,21.26,26.07,404.04
Producto D,2023-01-12,97,17.02,19.93,282.27
Producto A,2023-07-05,23,44.49,58.75,327.98
Producto B,2023-11-27,78,12.26,17.9,439.92
Producto C,2023-11-10,60,18.23,24.43,372.0
Producto A,2023-02-16,9,32.42,42.36,89.46
Producto E,2023-01-09,28,15.76,19.95,117.32
Producto B,2023-12-16,11,23.64,28.42,52.58
Producto C,2023-09-19,82,46.95,57.46,861.82
Producto B,2023-06-08,50,36.05,45.55,475.0
Producto E,2023-07-19,35,34.61,47.92,465.85
Producto B,2023-05-08,8,31.65,39.58,63.44
Producto A,2023-08-22,91,34.0,46.55,1142.05
Producto B,2023-11-09,20,24.06,30.17,122.2
Producto E,2023-05-02,74,38.94,48.5,707.44
Producto D,2023-06-06,77,42.87,60.35,1345.96
Producto A,2023-12-07,63,10.68,11.89,76.23
Producto C,2023-05-19,80,26.17,30.28,328.8
Producto C,2023-02-28,35,26.76,34.43,268.45
Producto A,2023-07-26,15,16.94,19.5,38.4
Producto A,2023-02-12,78,32.24,37.78,432.12
Producto B,2023-08-19,23,44.83,61.29,378.58
Producto D,2023-03-03,20,13.96,20.84,137.6
Producto B,2023-11-03,37,20.99,29.27,306.36
Producto A,2023-07-05,42,35.65,51.96,685.02
Producto B,2023-06-28,40,40.11,58.13,720.8
Producto C,2023-08-19,93,8.8,11.2,223.2
Producto D,2023-04-06,97,10.05,11.12,103.79
Producto B,2023-03-28,46,36.43,49.51,601.68
Producto E,2023-12-27,73,13.6,18.66,369.38
Producto A,2023-08-09,71,8.25,9.27,72.42
Producto E,2023-11-25,45,5.09,6.89,81.0
Producto C,2023-05-20,94,18.61,21.18,241.58
Producto C,2023-09-09,67,28.87,38.44,641.19
Producto D,2023-09-15,93,8.28,10.45,201.81
Producto E,2023-02-03,80,28.14,32.38,339.2
Producto B,2023-04-27,51,10.45,12.64,111.69
Producto D,2023-03-24,32,43.01,63.18,645.44
Producto A,2023-04-19,33,37.14,48.27,367.29
Producto B,2023-03-22,90,45.81,52.08,564.3
Producto A,2023-03-12,27,41.72,53.26,311.58
Producto D,2023-04-04,7,6.52,9.25,19.11
Producto D,2023-07-21,19,16.13,20.16,76.57
Producto E,2023-05-08,86,47.0,59.3,1057.8
Producto A,2023-11-23,82,13.34,17.34,328.0
Producto B,2023-04-03,27,6.6,7.46,23.22
Producto C,2023-09-13,27,21.23,25.65,119.34
Producto C,2023-09-06,67,29.49,42.69,884.4
Producto D,2023-09-17,87,23.32,34.27,952.65
Producto E,2023-01-16,45,30.21,36.14,266.85
Producto C,2023-03-12,42,18.02,24.71,280.98
Producto B,2023-12-19,63,45.35,59.23,874.44
Producto A,2023-02-09,85,41.74,56.14,1224.0
Producto D,2023-06-08,95,42.61,60.39,1689.1
Producto E,2023-04-20,21,49.99,58.17,171.78
Producto C,2023-05-02,65,34.1,45.89,766.35
Producto D,2023-09-12,39,32.94,39.6,259.74
Producto C,2023-09-16,41,36.59,52.81,665.02
Producto B,2023-12-01,50,33.69,38.16,223.5
Producto A,2023-11-19,85,7.38,10.08,229.5
Producto A,2023-03-14,6,44.21,49.16,29.7
Producto A,2023-02-23,5,36.17,49.76,67.95
Producto C,2023-03-25,72,8.55,11.43,207.36
Producto E,2023-12-01,37,38.02,52.95,552.41
Producto B,2023-07-02,13,14.7,18.97,55.51
Producto D,2023-12-15,23,40.91,49.57,199.18
Producto D,2023-12-16,56,11.42,13.73,129.36
Producto D,2023-03-21,3,39.89,49.58,29.07
Producto B,2023-06-25,54,26.03,38.56,676.62
Producto D,2023-10-05,96,11.84,15.16,318.72
Producto A,2023-12-11,11,43.3,49.84,71.94
Producto C,2023-02-04,24,9.66,14.35,112.56
Producto B,2023-01-22,23,16.74,22.81,139.61
Producto D,2023-10-28,80,34.68,44.06,750.4
Producto B,2023-05-06,61,25.59,32.3,409.31
Producto E,2023-03-20,1,31.35,39.25,7.9
Producto C,2023-07-03,94,16.39,22.06,532.98
Producto D,2023-07-06,15,14.68,18.29,54.15
Producto C,2023-02-01,86,33.77,44.81,949.44
Producto D,2023-08-11,6,21.02,26.34,31.92
Producto D,2023-07-07,17,41.44,46.78,90.78
Producto C,2023-02-13,65,16.46,24.63,531.05
Producto A,2023-12-28,53,31.49,35.48,211.47
Producto C,2023-08-15,76,26.65,29.32,202.92
Producto A,2023-06-09,53,36.29,51.0,779.63
Producto B,2023-11-19,71,24.24,32.18,563.74
Producto B,2023-05-13,13,48.41,56.34,103.09
Producto A,2023-09-14,94,16.62,20.41,356.26
Producto B,2023-02-20,96,17.85,20.41,245.76
Producto E,2023-04-21,74,15.11,21.01,436.6
Producto E,2023-09-28,1,35.03,50.56,15.53
Producto B,2023-08-28,13,12.13,15.03,37.7
Producto E,2023-02-12,76,36.86,43.55,508.44
Producto D,2023-08-16,32,22.13,30.83,278.4
Producto E,2023-09-07,33,16.23,23.88,252.45
Producto E,2023-05-06,19,9.04,10.87,34.77
Producto E,2023-09-27,64,36.06,53.16,1094.4
Producto C,2023-04-20,62,25.69,33.96,512.74
Producto D,2023-02-03,95,30.41,34.83,419.9
Producto A,2023-01-01,84,5.48,6.31,69.72
Producto B,2023-09-24,63,41.51,62.13,1299.06
Producto E,2023-10-15,24,20.32,27.8,179.52
Producto E,2023-04-06,93,17.77,20.71,273.42
Producto E,2023-07-18,29,10.23,14.03,110.2
Producto E,2023-09-15,54,24.65,28.39,201.96
Producto D,2023-05-09,85,9.75,13.62,328.95
Producto C,2023-08-02,94,36.1,46.59,986.06
Producto E,2023-02-10,85,21.59,28.48,585.65
Producto A,2023-11-09,85,6.16,7.58,120.7
Producto C,2023-11-24,33,14.47,16.18,56.43
Producto E,2023-02-21,29,35.45,49.12,396.43
Producto D,2023-09-07,60,39.34,53.06,823.2
Producto B,2023-09-18,52,47.04,52.63,290.68
Producto E,2023-12-04,46,14.11,16.54,111.78
Producto A,2023-12-07,25,6.23,7.37,28.5
Producto B,2023-08-03,44,19.41,21.68,99.88
Producto C,2023-04-11,73,20.79,25.17,319.74
Producto D,2023-02-14,30,17.48,20.08,78.0
Producto D,2023-09-03,82,37.4,45.98,703.56
Producto D,2023-03-08,14,11.27,12.74,20.58
Producto D,2023-03-16,35,45.77,52.69,242.2
Producto B,2023-03-14,24,7.2,9.89,64.56
Producto B,2023-06-28,93,5.62,7.19,146.01
Producto E,2023-07-02,34,38.65,47.2,290.7
Producto A,2023-12-12,42,8.32,10.5,91.56
Producto D,2023-11-01,23,22.48,26.1,83.26
Producto E,2023-09-01,19,6.95,10.21,61.94
Producto A,2023-09-08,22,49.02,62.29,291.94
Producto C,2023-01-07,46,46.61,65.93,888.72
Producto B,2023-05-22,52,49.6,63.27,710.84
Producto C,2023-10-09,92,16.7,20.53,352.36
Producto A,2023-05-24,21,43.18,51.55,175.77
Producto D,2023-05-11,96,10.74,14.31,342.72
Producto E,2023-09-23,58,10.39,12.51,122.96
Producto A,2023-08-05,86,40.84,46.14,455.8
Producto A,2023-04-16,20,31.05,39.72,173.4
Producto A,2023-08-06,7,17.9,23.82,41.44
Producto B,2023-02-07,64,20.33,26.8,414.08
Producto A,2023-03-20,53,42.43,60.4,952.41
Producto C,2023-01-15,91,18.27,20.94,242.97
Producto D,2023-06-20,10,18.15,25.89,77.4
Producto B,2023-07-09,36,23.39,30.76,265.32
Producto A,2023-02-03,41,41.55,58.7,703.15
Producto C,2023-06-03,52,31.17,42.34,580.84
Producto E,2023-07-18,91,37.27,51.76,1318.59
Producto E,2023-09-07,6,29.52,33.7,25.08
Producto E,2023-11-15,32,45.42,52.26,218.88
Producto E,2023-09-25,81,5.34,6.24,72.9
Producto B,2023-03-22,43,40.33,59.35,817.86
Producto D,2023-10-01,77,49.8,68.57,1445.29
Producto A,2023-01-15,69,45.16,51.31,424.35
Producto A,2023-05-22,71,49.09,61.71,896.02
Producto C,2023-06-24,55,38.0,48.13,557.15
Producto C,2023-10-07,49,43.08,51.87,430.71
Producto E,2023-02-17,99,15.68,17.73,202.95
Producto C,2023-11-03,100,40.18,44.79,461.0
Producto C,2023-06-18,78,24.83,35.4,824.46
Producto D,2023-02-22,68,39.53,54.51,1018.64
Producto D,2023-05-24,12,46.39,61.02,175.56
Producto B,2023-06-26,4,22.92,26.0,12.32
Producto B,2023-11-23,40,32.93,40.61,307.2
Producto C,2023-10-09,81,20.57,25.3,383.13
Producto A,2023-05-03,76,45.58,57.73,923.4
Producto E,2023-07-12,53,36.89,45.51,456.86
Producto D,2023-10-24,26,17.01,23.55,170.04
Producto B,2023-06-15,7,25.45,33.85,58.8
Producto A,2023-07-05,74,5.13,6.3,86.58
Producto A,2023-04-01,27,31.52,40.48,241.92
Producto A,2023-06-02,14,37.02,46.41,131.46
Producto D,2023-03-12,90,34.26,47.68,1207.8
Producto B,2023-03-04,23,34.55,40.29,132.02
Producto D,2023-11-15,55,27.06,30.82,206.8
Producto B,2023-07-14,33,34.62,49.04,475.86
Producto B,2023-08-13,11,45.92,51.31,59.29
Producto D,2023-05-12,17,18.85,21.22,40.29
Producto B,2023-08-20,87,10.28,14.53,369.75
Producto A,2023-07-12,85,14.92,22.2,618.8
Producto C,2023-07-01,35,40.48,49.77,325.15
Producto A,2023-09-22,79,21.04,29.35,656.49
Producto C,2023-07-16,6,18.02,22.27,25.5
Producto C,2023-01-18,36,37.74,41.99,153.0
Producto B,2023-12-04,19,10.93,15.47,86.26
Producto A,2023-09-26,12,5.85,8.36,30.12
Producto D,2023-01-11,63,46.53,59.09,791.28
Producto C,2023-01-10,45,43.12,55.85,572.85
Producto C,2023-11-17,8,28.66,40.2,92.32
Producto E,2023-06-04,1,8.55,10.51,1.96
Producto A,2023-07-20,79,41.15,60.13,1499.42
Producto A,2023-06-14,45,19.44,24.45,225.45
Producto C,2023-11-13,3,31.9,38.66,20.28
Producto E,2023-01-21,90,41.93,51.63,873.0
Producto D,2023-10-17,20,45.1,56.6,230.0
Producto B,2023-11-13,18,6.95,9.77,50.76
Producto D,2023-10-27,11,19.95,28.92,98.67
Producto E,2023-05-28,67,44.27,65.43,1417.72
Producto C,2023-06-03,24,21.37,31.43,241.44
Producto D,2023-03-24,17,11.13,12.32,20.23
Producto A,2023-06-27,93,5.05,5.64,54.87
Producto C,2023-12-23,36,5.77,7.39,58.32
Producto E,2023-05-04,18,28.71,33.54,86.94
Producto B,2023-11-09,18,47.55,62.81,274.68
Producto A,2023-02-23,79,9.84,11.29,114.55
Producto A,2023-04-24,22,36.3,51.13,326.26
Producto C,2023-02-24,30,20.28,30.3,300.6
Producto E,2023-12-21,51,12.72,14.6,95.88
Producto C,2023-11-27,31,6.97,8.31,41.54
Producto A,2023-04-05,50,46.76,62.44,784.0
Producto C,2023-12-27,94,45.85,50.74,459.66
Producto E,2023-08-19,78,45.99,60.43,1126.32
Producto D,2023-06-06,52,41.5,55.76,741.52
Producto D,2023-09-03,32,28.96,34.06,163.2
Producto D,2023-10-20,73,18.49,22.51,293.46
Producto A,2023-01-25,17,33.55,43.7,172.55
Producto A,2023-12-08,15,14.31,18.21,58.5
Producto E,2023-02-20,69,29.11,35.56,445.05
Producto C,2023-05-23,16,13.98,17.15,50.72
Producto E,2023-05-28,56,9.0,10.03,57.68
Producto E,2023-11-17,37,26.1,35.47,346.69
Producto C,2023-05-25,92,5.17,5.91,68.08
Producto C,2023-02-24,72,24.02,32.08,580.32
Producto A,2023-02-11,86,49.3,65.86,1424.16
Producto B,2023-07-06,98,47.22,54.61,724.22
Producto A,2023-11-16,20,33.52,43.93,208.2
Producto A,2023-02-06,30,31.64,43.16,345.6
Producto E,2023-12-21,43,41.21,46.71,236.5
Producto A,2023-12-13,38,29.37,38.3,339.34
Producto C,2023-10-11,9,39.26,53.96,132.3
Producto C,2023-12-16,87,5.91,7.52,140.07
Producto C,2023-02-28,62,18.98,28.14,567.92
Producto D,2023-06-20,50,45.12,59.95,741.5
Producto B,2023-02-05,16,6.69,9.36,42.72
Producto B,2023-07-23,42,18.05,25.03,293.16
Producto D,2023-09-09,59,23.42,30.35,408.87
Producto D,2023-09-16,48,23.4,33.27,473.76
Producto D,2023-07-27,43,36.44,42.35,254.13
Producto B,2023-03-22,4,44.57,51.54,27.88
Producto E,2023-01-26,59,25.84,31.39,327.45
Producto B,2023-10-17,69,31.76,41.84,695.52
Producto B,2023-08-26,2,48.3,57.41,18.22
Producto A,2023-05-21,40,8.81,12.31,140.0
Producto B,2023-02-10,11,37.15,45.91,96.36
Producto E,2023-06-14,18,7.08,9.09,36.18
Producto E,2023-06-15,98,49.03,64.45,1511.16
Producto C,2023-07-10,14,28.78,38.16,131.32
Producto D,2023-01-17,63,48.81,66.17,1093.68
Producto E,2023-08-16,84,31.58,37.53,499.8
Producto D,2023-03-13,28,38.15,54.81,466.48
Producto D,2023-03-27,28,21.49,29.68,229.32
Producto E,2023-04-10,58,29.15,33.38,245.34
Producto C,2023-11-06,92,42.36,51.91,878.6
Producto A,2023-08-16,35,13.99,20.87,240.8
Producto E,2023-08-04,73,24.7,35.65,799.35
Producto E,2023-10-10,26,6.58,9.14,66.56
Producto B,2023-01-08,75,39.41,49.74,774.75
Producto C,2023-03-12,55,37.6,54.1,907.5
Producto C,2023-10-07,94,43.8,50.9,667.4
Producto B,2023-12-26,93,12.51,17.79,491.04
Producto B,2023-07-23,41,41.1,46.38,216.48
Producto D,2023-10-24,52,39.66,52.04,643.76
Producto A,2023-03-18,18,40.95,58.33,312.84
Producto A,2023-10-13,49,7.77,9.84,101.43
Producto E,2023-07-09,48,8.45,10.83,114.24
Producto D,2023-01-27,90,25.79,37.99,1098.0
Producto C,2023-01-20,66,6.62,8.97,155.1
Producto B,2023-09-14,4,12.39,15.93,14.16
Producto C,2023-09-02,34,24.44,33.44,306.0
Producto E,2023-11-15,60,28.87,37.31,506.4
Producto C,2023-02-03,55,8.7,12.91,231.55
Producto B,2023-05-24,24,44.84,63.94,458.4
Producto D,2023-12-09,97,23.9,30.5,640.2
Producto C,2023-08-27,10,45.17,56.68,115.1
Producto C,2023-12-06,55,47.87,69.15,1170.4
Producto C,2023-06-06,22,7.69,9.13,31.68
Producto D,2023-03-19,51,22.04,24.84,142.8
Producto C,2023-01-20,17,14.64,20.62,101.66
Producto C,2023-07-03,100,16.47,22.19,572.0
Producto A,2023-03-11,80,40.1,44.37,341.6
Producto A,2023-07-25,49,37.57,44.06,318.01
Producto E,2023-03-21,87,28.75,40.53,1024.86
Producto A,2023-08-01,13,35.23,46.84,150.93
Producto A,2023-05-22,44,36.26,42.13,258.28
Producto A,2023-12-19,57,23.42,33.74,588.24
Producto E,2023-04-17,30,18.57,23.94,161.1
Producto A,2023-11-06,67,43.6,56.45,860.95
Producto C,2023-02-12,52,33.11,38.32,270.92
Producto B,2023-02-17,99,7.37,10.6,319.77
Producto C,2023-04-10,47,8.29,11.89,169.2
Producto D,2023-11-07,93,8.4,10.94,236.22
Producto B,2023-06-23,9,12.36,13.66,11.7
Producto D,2023-10-11,40,19.69,23.63,157.6
Producto C,2023-09-03,100,5.66,6.63,97.0
Producto A,2023-07-13,52,39.42,54.42,780.0
Producto C,2023-04-10,97,7.6,8.43,80.51
Producto B,2023-06-28,62,25.19,30.87,352.16
Producto E,2023-03-01,52,23.95,34.87,567.84
Producto B,2023-07-09,35,43.32,55.28,418.6
Producto B,2023-07-05,60,32.23,41.08,531.0
Producto A,2023-06-18,69,6.49,8.35,128.34
Producto A,2023-11-09,48,32.92,43.88,526.08
Producto D,2023-02-16,1,19.47,21.85,2.38
Producto C,2023-04-02,80,39.91,52.76,1028.0
Producto E,2023-04-26,86,49.36,61.33,1029.42
Producto C,2023-06-27,45,20.6,25.47,219.15
Producto C,2023-07-09,12,28.92,38.54,115.44
Producto B,2023-11-28,99,6.13,7.12,98.01
Producto C,2023-01-12,45,20.84,28.27,334.35
Producto B,2023-01-07,49,20.62,25.89,258.23
Producto E,2023-10-26,62,8.95,9.98,63.86
Producto B,2023-03-18,31,38.87,57.5,577.53
Producto B,2023-04-14,71,35.53,40.42,347.19
Producto A,2023-03-22,58,12.62,14.76,124.12
Producto D,2023-08-22,84,37.35,42.81,458.64
Producto C,2023-02-23,28,30.79,42.31,322.56
Producto C,2023-09-21,74,19.35,24.26,363.34
Producto D,2023-02-11,10,24.41,29.13,47.2
Producto C,2023-05-08,68,16.1,18.15,139.4
Producto C,2023-07-15,10,27.82,34.03,62.1
Producto B,2023-03-15,46,43.07,47.66,211.14
Producto A,2023-05-17,80,49.75,72.95,1856.0
Producto B,2023-02-12,5,17.67,20.52,14.25
Producto C,2023-08-01,67,28.41,32.11,247.9
Producto E,2023-07-04,99,10.96,16.17,515.79
Producto C,2023-07-16,97,31.08,46.16,1462.76
Producto B,2023-10-26,93,40.34,47.83,696.57
Producto D,2023-07-13,79,19.61,29.27,763.14
Producto E,2023-11-26,14,27.55,38.33,150.92
Producto E,2023-01-25,59,36.15,51.62,912.73
Producto C,2023-07-02,33,15.32,22.59,239.91
Producto E,2023-05-05,25,12.94,15.16,55.5
Producto C,2023-12-25,81,40.58,59.21,1509.03
Producto C,2023-06-11,98,31.32,35.41,400.82
Producto C,2023-03-22,54,47.88,56.58,469.8
Producto C,2023-06-25,38,40.3,57.16,640.68
Producto D,2023-12-16,87,42.06,48.38,549.84
Producto C,2023-05-20,13,38.97,54.05,196.04
Producto D,2023-10-11,46,31.5,40.32,405.72
Producto B,2023-12-07,5,6.26,7.94,8.4
Producto E,2023-03-19,19,44.35,63.75,368.6
Producto C,2023-08-02,85,31.12,38.34,613.7
Producto C,2023-06-06,16,27.92,38.45,168.48
Producto E,2023-01-22,51,16.72,20.35,185.13
Producto A,2023-04-18,88,48.93,55.03,536.8
Producto D,2023-12-04,91,29.34,43.57,1294.93
Producto A,2023-03-25,81,5.78,7.53,141.75
Producto B,2023-08-15,54,34.12,50.48,883.44
Producto A,2023-12-08,90,48.02,69.95,1973.7
Producto C,2023-09-14,58,33.64,39.88,361.92
Producto A,2023-12-21,33,47.84,54.71,226.71
Producto A,2023-10-02,42,41.8,59.43,740.46
Producto B,2023-03-25,71,12.83,15.14,164.01
Producto B,2023-09-11,90,19.93,26.13,558.0
Producto D,2023-11-17,39,22.34,25.85,136.89
Producto E,2023-11-13,33,47.21,52.83,185.46
Producto C,2023-10-18,90,13.4,16.99,323.1
Producto E,2023-05-27,11,40.59,51.02,114.73
Producto E,2023-12-03,48,27.17,36.86,465.12
Producto E,2023-01-19,25,38.93,53.5,364.25
Producto D,2023-10-26,67,22.79,32.89,676.7
Producto D,2023-11-16,82,10.03,12.54,205.82
Producto D,2023-04-10,43,43.31,59.9,713.37
Producto C,2023-08-21,45,13.69,18.64,222.75
Producto B,2023-08-01,85,23.63,32.09,719.1
Producto C,2023-03-07,25,9.2,10.31,27.75
Producto B,2023-05-06,46,22.45,26.38,180.78
Producto A,2023-06-28,48,6.54,9.2,127.68
Producto C,2023-01-01,22,24.6,36.31,257.62
Producto D,2023-02-17,92,28.11,31.7,330.28
Producto C,2023-04-19,72,46.88,69.15,1603.44
Producto B,2023-03-09,39,32.59,41.68,354.51
Producto A,2023-09-09,64,32.33,35.63,211.2
Producto D,2023-10-12,100,8.72,12.52,380.0
Producto C,2023-08-25,29,38.38,50.67,356.41
Producto C,2023-07-28,73,18.85,22.7,281.05
Producto E,2023-07-24,38,33.15,36.68,134.14
Producto A,2023-02-05,41,20.84,30.11,380.07
Producto C,2023-01-08,29,16.84,19.63,80.91
Producto B,2023-08-06,66,21.83,24.54,178.86
Producto E,2023-04-22,10,36.44,45.37,89.3
Producto A,2023-02-28,93,18.86,25.76,641.7
Producto A,2023-03-27,73,34.88,38.44,259.88
Producto A,2023-11-15,97,42.86,62.71,1925.45
Producto A,2023-11-25,1,30.82,43.31,12.49
Producto A,2023-04-08,76,33.79,44.15,787.36
Producto A,2023-04-10,94,19.0,26.9,742.6
Producto B,2023-11-03,99,33.04,46.91,1373.13
Producto E,2023-06-09,87,24.8,29.51,409.77
Producto D,2023-01-09,55,25.69,29.85,228.8
Producto C,2023-02-18,49,36.19,54.27,885.92
Producto A,2023-02-02,49,5.75,7.49,85.26
Producto A,2023-05-28,14,11.46,13.03,21.98
Producto C,2023-12-12,48,44.92,63.59,896.16
Producto B,2023-08-25,19,34.19,47.7,256.69
Producto B,2023-05-07,21,22.58,29.48,144.9
Producto B,2023-09-04,25,12.96,18.1,128.5
Producto B,2023-01-02,31,11.22,12.77,48.05
Producto C,2023-10-16,54,6.31,9.14,152.82
Producto D,2023-03-17,63,10.49,14.08,226.17
Producto C,2023-06-13,70,21.01,28.19,502.6
Producto E,2023-01-08,43,23.44,27.94,193.5
Producto A,2023-11-22,8,23.64,33.71,80.56
Producto C,2023-07-22,68,16.65,22.07,368.56
Producto C,2023-12-13,32,36.37,50.14,440.64
Producto C,2023-11-22,38,6.88,9.94,116.28
Producto D,2023-11-14,16,28.57,34.4,93.28
Producto E,2023-09-16,10,37.1,45.05,79.5
Producto A,2023-07-22,69,28.91,36.76,541.65
Producto C,2023-03-09,51,48.77,63.09,730.32
Producto E,2023-07-26,39,45.16,59.68,566.28
Producto A,2023-07-16,49,47.02,57.42,509.6
Producto E,2023-08-19,6,7.46,10.96,21.0
Producto D,2023-06-16,73,14.98,20.46,400.04
Producto C,2023-03-26,52,39.42,58.64,999.44
Producto B,2023-06-18,47,15.44,21.82,299.86
Producto E,2023-01-17,50,18.21,21.01,140.0
Producto C,2023-05-15,46,19.28,21.89,120.06
Producto C,2023-06-26,21,32.33,38.58,131.25
Producto B,2023-11-21,19,35.0,39.21,79.99
Producto A,2023-12-12,64,42.54,50.46,506.88
Producto E,2023-08-14,2,5.93,7.84,3.82
Producto C,2023-11-10,45,16.48,20.66,188.1
Producto A,2023-11-03,11,8.83,10.44,17.71
Producto E,2023-05-15,4,8.09,9.91,7.28
Producto C,2023-10-12,71,23.76,32.03,587.17
Producto D,2023-06-16,5,31.23,40.77,47.7
Producto B,2023-10-23,32,34.6,43.37,280.64
Producto A,2023-07-14,4,38.04,51.06,52.08
Producto B,2023-01-12,13,45.63,53.03,96.2
Producto B,2023-01-26,43,32.95,42.85,425.7
Producto B,2023-05-05,81,26.41,36.6,825.39
Producto A,2023-04-24,92,38.9,43.43,416.76
Producto B,2023-02-18,42,41.23,60.62,814.38
Producto C,2023-09-22,32,28.52,42.72,454.4
Producto E,2023-09-10,91,13.09,18.26,470.47
Producto E,2023-10-03,86,21.09,26.67,479.88
Producto E,2023-06-27,86,35.72,50.7,1288.28
Producto D,2023-02-21,39,5.46,6.78,51.48
Producto C,2023-12-23,1,30.51,44.7,14.19
Producto E,2023-03-03,69,6.17,7.85,115.92
Producto B,2023-04-20,56,32.37,41.4,505.68
Producto D,2023-10-02,70,22.77,31.46,608.3
Producto A,2023-07-17,1,26.02,38.37,12.35
Producto C,2023-03-17,99,19.61,23.85,419.76
Producto B,2023-09-13,5,41.06,56.32,76.3
Producto D,2023-04-25,29,40.44,50.26,284.78
Producto B,2023-05-16,19,31.11,40.91,186.2
Producto A,2023-09-13,92,29.99,44.18,1305.48
Producto C,2023-05-26,37,5.76,6.52,28.12
Producto E,2023-09-13,77,34.4,47.89,1038.73
Producto E,2023-09-14,79,23.02,31.69,684.93
Producto C,2023-05-05,24,39.46,57.14,424.32
Producto B,2023-04-19,27,17.2,19.1,51.3
Producto A,2023-09-23,42,42.59,57.55,628.32
Producto B,2023-11-13,88,28.94,39.06,890.56
Producto A,2023-09-10,89,33.87,50.71,1498.76
Producto C,2023-04-17,72,41.73,56.04,1030.32
Producto E,2023-04-24,37,22.21,29.8,280.83
Producto B,2023-03-08,89,43.65,58.69,1338.56
Producto C,2023-01-10,15,28.87,33.74,73.05
Producto C,2023-10-07,78,6.04,8.31,177.06
Producto A,2023-09-13,13,13.47,16.42,38.35
Producto A,2023-06-23,45,43.01,58.87,713.7
Producto A,2023-08-03,18,16.75,21.29,81.72
Producto E,2023-05-03,60,35.88,45.79,594.6
Producto E,2023-03-16,99,22.8,32.21,931.59
Producto D,2023-05-20,48,19.79,25.67,282.24
Producto D,2023-06-03,41,34.88,39.73,198.85
Producto A,2023-05-28,72,24.44,36.29,853.2
Producto A,2023-07-20,66,20.03,25.64,370.26
Producto D,2023-04-11,72,12.34,17.69,385.2
Producto D,2023-07-11,1,33.39,40.61,7.22
Producto B,2023-05-22,100,43.22,51.97,875.0
Producto E,2023-04-03,18,13.87,19.56,102.42
Producto E,2023-10-28,95,38.89,53.64,1401.25
Producto B,2023-04-02,35,14.47,17.32,99.75
Producto B,2023-10-22,53,21.52,27.19,300.51
Producto B,2023-12-05,2,23.7,31.73,16.06
Producto B,2023-01-12,96,37.31,52.33,1441.92
Producto E,2023-09-18,97,12.06,15.6,343.38
Producto B,2023-11-05,47,25.99,32.18,290.93
Producto C,2023-04-25,48,23.63,34.44,518.88
Producto E,2023-01-11,87,13.8,16.08,198.36
Producto A,2023-11-26,95,42.74,47.64,465.5
Producto D,2023-09-02,68,19.77,22.07,156.4
Producto D,2023-04-22,74,41.07,56.75,1160.32
Producto B,2023-12-12,71,48.62,67.14,1314.92
Producto C,2023-02-22,68,39.76,47.88,552.16
Producto C,2023-12-03,54,5.11,5.62,27.54
Producto C,2023-02-09,79,15.36,19.53,329.43
Producto A,2023-05-12,3,43.22,63.88,61.98
Producto C,2023-03-02,32,48.87,65.57,534.4
Producto E,2023-10-06,62,15.77,22.25,401.76
Producto A,2023-05-17,76,16.55,20.97,335.92
Producto D,2023-05-04,59,8.14,11.53,200.01
Producto E,2023-07-04,100,19.91,29.39,948.0
Producto C,2023-08-25,48,12.14,16.69,218.4
Producto A,2023-04-20,87,13.35,16.5,274.05
Producto B,2023-02-24,26,13.5,17.2,96.2
Producto B,2023-05-06,63,49.2,70.43,1337.49
Producto C,2023-11-28,7,31.91,39.17,50.82
Producto A,2023-01-04,5,9.97,12.86,14.45
Producto B,2023-03-25,11,15.34,22.73,81.29
Producto C,2023-07-01,72,40.45,59.59,1378.08
Producto D,2023-08-11,44,5.76,6.56,35.2
Producto D,2023-01-22,39,33.83,41.34,292.89
Producto D,2023-08-12,84,28.14,31.29,264.6
Producto E,2023-07-02,8,33.85,49.16,122.48
Producto A,2023-06-28,24,32.63,38.4,138.48
Producto C,2023-04-23,38,18.51,21.14,99.94
Producto A,2023-03-09,98,24.62,27.95,326.34
Producto A,2023-07-06,69,5.02,7.36,161.46
Producto A,2023-12-20,100,44.89,65.51,2062.0
Producto E,2023-12-09,63,5.41,6.16,47.25
Producto A,2023-11-18,31,16.18,19.88,114.7
Producto E,2023-10-25,54,13.8,16.73,158.22
Producto B,2023-01-02,95,42.09,60.81,1778.4
Producto D,2023-07-04,4,24.54,34.79,41.0
Producto C,2023-09-02,20,22.62,28.32,114.0
Producto E,2023-12-04,89,48.64,65.46,1496.98
Producto E,2023-06-19,17,26.71,32.47,97.92
Producto C,2023-12-12,10,36.14,53.6,174.6
Producto B,2023-02-03,34,14.75,21.63,233.92
Producto C,2023-11-05,59,13.08,17.42,256.06
Producto B,2023-09-08,1,10.06,14.12,4.06
Producto E,2023-02-03,29,6.71,10.06,97.15
Producto C,2023-04-28,69,32.86,44.16,779.7
Producto B,2023-06-02,92,44.52,52.3,715.76
Producto B,2023-07-21,42,25.94,38.68,535.08
Producto D,2023-07-07,19,24.62,30.16,105.26
Producto C,2023-10-07,19,17.13,20.38,61.75
Producto B,2023-11-24,9,9.54,13.09,31.95
Producto E,2023-12-19,36,38.45,51.05,453.6
Producto A,2023-11-07,72,44.26,48.92,335.52
Producto D,2023-06-08,68,39.08,43.06,270.64
Producto D,2023-07-07,25,20.69,23.2,62.75
Producto E,2023-05-13,11,36.77,44.29,82.72
Producto C,2023-09-15,53,30.94,41.66,568.16
Producto D,2023-10-13,70,22.51,32.41,693.0
Producto E,2023-09-10,72,10.35,13.09,197.28
Producto E,2023-11-25,89,49.13,59.47,920.26
Producto A,2023-03-19,91,37.12,46.43,847.21
Producto E,2023-11-07,9,47.68,56.25,77.13
Producto B,2023-08-24,40,49.19,63.51,572.8
Producto D,2023-12-08,93,7.34,10.47,291.09
Producto B,2023-03-04,51,46.82,65.85,970.53
Producto E,2023-07-21,9,8.24,12.33,36.81
Producto D,2023-02-21,20,14.41,16.76,47.0
Producto D,2023-05-19,10,24.99,28.57,35.8
Producto C,2023-12-12,25,26.52,30.02,87.5
Producto A,2023-10-28,16,33.67,46.22,200.8
Producto D,2023-10-23,11,46.32,55.44,100.32
Producto C,2023-04-14,40,37.48,44.77,291.6
Producto D,2023-02-11,24,29.66,33.89,101.52
Producto E,2023-11-02,11,42.59,51.64,99.55
Producto A,2023-09-15,86,35.7,48.57,1106.82
Producto A,2023-02-14,14,45.36,62.34,237.72
Producto C,2023-01-18,63,38.13,45.91,490.14
Producto C,2023-12-17,17,16.18,24.25,137.19
Producto E,2023-08-04,92,15.13,16.86,159.16
Producto C,2023-02-15,29,11.06,14.89,111.07
Producto E,2023-01-16,44,32.74,38.56,256.08
Producto C,2023-05-14,69,12.21,14.8,178.71
Producto B,2023-04-09,94,18.52,22.91,412.66
Producto B,2023-04-14,31,7.58,10.08,77.5
Producto B,2023-01-08,23,17.5,21.52,92.46
Producto A,2023-07-24,13,31.22,46.8,202.54
Producto A,2023-01-23,86,42.54,58.87,1404.38
Producto C,2023-05-11,38,43.98,65.04,800.28
Producto A,2023-09-17,15,27.25,38.54,169.35
Producto C,2023-10-27,21,32.6,36.19,75.39
Producto C,2023-03-18,4,47.53,69.96,89.72
Producto B,2023-06-10,46,28.16,34.43,288.42
Producto A,2023-05-25,82,23.81,29.18,440.34
Producto A,2023-08-10,38,34.72,45.77,419.9
Producto C,2023-12-22,32,15.45,23.17,247.04
Producto E,2023-05-13,44,5.8,8.08,100.32
Producto E,2023-06-06,19,40.04,46.64,125.4
Producto B,2023-09-10,66,28.67,39.93,743.16
Producto A,2023-04-07,53,24.28,28.18,206.7
Producto E,2023-10-23,39,25.6,31.4,226.2
Producto D,2023-08-28,84,5.29,6.23,78.96
Producto E,2023-11-15,38,26.66,34.75,307.42
Producto D,2023-11-26,61,6.82,9.07,137.25
Producto E,2023-12-16,61,42.03,56.59,888.16
Producto B,2023-07-07,32,18.47,27.05,274.56
Producto C,2023-10-12,48,7.48,10.75,156.96
Producto D,2023-10-05,44,25.41,28.94,155.32
Producto E,2023-05-01,20,5.95,7.15,24.0
Producto C,2023-09-04,44,11.65,14.44,122.76
Producto B,2023-10-01,86,23.71,30.24,561.58
Producto D,2023-02-11,62,12.61,16.21,223.2
Producto E,2023-02-03,23,40.97,48.28,168.13
Producto B,2023-06-04,35,31.11,36.98,205.45
Producto D,2023-09-08,51,21.83,29.24,377.91
Producto E,2023-06-07,100,14.05,15.94,189.0
Producto C,2023-10-23,94,25.23,34.74,893.94
Producto B,2023-07-13,85,18.72,24.89,524.45
Producto D,2023-11-15,18,8.97,10.49,27.36
Producto B,2023-11-10,66,21.24,28.11,453.42
Producto D,2023-10-11,59,18.47,23.11,273.76
Producto A,2023-04-21,72,15.99,22.58,474.48
Producto A,2023-02-02,32,7.32,8.85,48.96
Producto D,2023-08-19,9,28.31,39.22,98.19
Producto D,2023-05-03,58,49.13,55.05,343.36
Producto D,2023-09-27,26,46.54,62.61,417.82
Producto E,2023-04-05,69,14.02,18.69,322.23
Producto E,2023-01-27,86,39.83,51.47,1001.04
Producto D,2023-03-20,100,12.71,17.83,512.0
Producto C,2023-06-02,23,38.42,54.25,364.09
Producto C,2023-04-28,78,22.27,32.99,836.16
Producto C,2023-05-15,38,14.95,20.92,226.86
Producto B,2023-11-11,7,10.52,13.43,20.37
Producto E,2023-02-01,46,42.37,60.52,834.9
Producto B,2023-08-27,91,44.62,53.51,808.99
Producto A,2023-04-18,39,17.3,20.17,111.93
Producto E,2023-04-13,84,21.51,31.75,860.16
Producto B,2023-08-06,47,5.85,8.02,101.99
Producto C,2023-09-16,70,20.59,27.35,473.2
Producto D,2023-09-16,98,5.4,7.27,183.26
Producto D,2023-08-06,66,34.37,37.83,228.36
Producto A,2023-10-19,39,5.75,6.54,30.81
Producto E,2023-09-20,12,22.66,30.19,90.36
Producto C,2023-06-15,57,30.66,38.1,424.08
Producto E,2023-10-08,17,8.7,11.01,39.27
Producto E,2023-07-17,3,33.2,37.85,13.95
Producto D,2023-08-11,63,40.65,59.29,1174.32
Producto D,2023-03-14,7,33.37,46.21,89.88
Producto B,2023-11-25,56,42.95,57.04,789.04
Producto A,2023-09-10,80,44.69,61.19,1320.0
Producto D,2023-11-16,94,28.43,38.08,907.1
Producto E,2023-06-14,21,22.29,31.93,202.44
Producto D,2023-12-06,15,23.47,27.6,61.95
Producto E,2023-12-02,45,35.63,48.43,576.0
